Account No.,Name,Username,Password,Accounttype,Balance,CNIC,Mobile#,Status,Email
123769,Ahad,ahad,ahad123,CURRENT,56500,3630210840021,3156186222,UNBLOCKED,ahadhassankhakwani@gmail.com
123431,ahamd,ahmad,ahmad123,CURRENT,10000,3630210840021,3156186222,UNBLOCKED,ahadhassankhakwani@gmail.com
123503,Abubakar,abubakar,123456,SAVINGS,3000000,1234567891234,1234567891,UNBLOCKED,abubakarokhan4646@gmail.com
123146,aman,aman,aman123,FIXED DEPOSITS,10000,1234567891234,1234567891,BLOCKED,ahmadcreations3@gmail.com
123166,Hamza Siddiqui,hamzakh,123456,FORIEGN CURRENCY,8000,1234567891234,3019429900,BLOCKED,hamzasidd159@gmail.com
123623,Abdullah Waqar,abd123,gay,CURRENT,494500,1234567891234,3123456789,UNBLOCKED,abdullahwaqar29august@gmail.com
123526,Chaudary Murad,muradain,cmmc,FORIEGN CURRENCY,99950000,3630232312311,3111103611,UNBLOCKED,muhammadmurad7676@gmail.com
